SITO;Server PARTENZA;SITOARR;Server ARRIVO;stato instanze;Flag2;FemsId/Fire;Colonna1;COLONNA12;TIPO FEMS2;EASID2;EP utilizzato;ROLE2;EP utilizzato3;Performance;Vers;IP;Colonna22;NOTE
SITOD;GSITOD200803;SITOD;FSITODSNDA01;macchina buttata - comunicata a Men;;PSITOD00007P;;;FIRE;400012RNIG4T;;;SI; ;10.01000.00245.00001;10.201.159.111;10.201.159.111;FL0000000005
SITOD;GSITOD200803;SITOD;FSITODSNDA01;macchina buttata - comunicata a Men;;PSITOD00008P;;;FIRE;400012RNIG4T;;;SI; ;10.01000.00245.00001;10.201.159.111;10.201.159.111;FL0000000005
SITOD;GSITOD200803;SITOD;FSITODSNDA01;macchina buttata - comunicata a Men; ;PSITOD00011P;;;FIRE;400012RNIG4T;;;SI;SI;10.01000.00245.00001;10.201.159.111;10.201.159.111;FL0000000005
SITOD;GSITOD200803;SITOD;FSITODSNDA01;macchina buttata - comunicata a Men; ;PSITOD00012P;;;FIRE;400012RNIG4T;;;SI;SI;10.01000.00245.00001;10.201.159.111;10.201.159.111;FL0000000005
SITOD;GSITOD200803;SITOD;FSITODSNDA01;macchina buttata - comunicata a Men; ;PSITOD00013P;;;FIRE;400012RNIG4T;;;SI;SI;10.01000.00245.00001;10.201.159.111;10.201.159.111;FL0000000005
SITOF;GSITOF200801;SITOF;ZSITOASNDA01;macchina buttata - comunicata a Men; ;PSITOD00001P;;;FIRE;400002RNIG1T;;;SI; ;10.01000.00085.00001;10.203.253.120;10.203.253.120;FL0000000004 -  
SITOF;GSITOF200801;SITOF;ZSITOASNDA01;macchina buttata - comunicata a Men;;PSITOD00002P;;;FIRE;400002RNIG1T;;;SI; ;10.01000.00085.00001;10.203.253.120;10.203.253.120;FL0000000004
SITOA;KSITOA200804;SITOG;GSITOG201601;macchina buttata - comunicata a Men;;FSSITOAMF504;J8504SMARTIT;;JAVAMQ;J8504SMARTIT;;pri;SI; ;10.01000.00245.00001;10.6.37.157;10.200.98.108;virtuale
SITOA;KSITOA200804;SITOG;GSITOG201601;macchina buttata - comunicata a Men;;FSSITOAMF604;22210SMARTIT;;JAVAMQ;22210SMARTIT;;pri;SI; ;10.01000.00245.00001;10.6.37.157;10.200.98.108;Open Java 11 su AMQ
SITOA;USITOA200823 ;SITOA;ZSITOG201601;macchina buttata - comunicata a Men;IBM; JSITOAEC005P;;;FEMSWS;;;;;;10.01000.00245.00001;10.6.37.157;10.201.158.124;
SITOG;ZSITOG200801;SITOG;GSITOG201601;istanza da cancellare;;FSSITOGMF807;55555SMARTIT;;JAVAMQ;55555SMARTIT;;pri;SI; ;10.01000.00245.00001;10.6.37.158;10.6.37.134;IN USITOG200814
SITOG;GSITOG200802; ;GSITOG200802;macchina buttata - comunicata a Men;;JSITOAWC012P;;;FEMSWS;;;;; ; ;;10.6.37.133;
SITOC;USITOC200820;SITOC;GSITOG201607;DA SPOSTARE SU VM NUOVO;C HSM;FVSITOCMF315;31500DEPGW1C ;;JAVAMQT2SG;31500DEPGW1C;;pri;SI; ;9.02E+15;10.200.100.124;10.200.100.124;
SITOC;USITOC200820;SITOC;GSITOG201607;DA SPOSTARE SU VM NUOVO;C HSM;FVSITOCMF475;37500DEPGW2C;;JAVAMQT2SG;37500DEPGW2C;;pri;SI; ;9.02E+15;10.200.100.124;10.200.100.124;
SITOG;GSITOG200803;SITOG;HSITOG201606;DA SPOSTARE;;FSSITOAMF201;22220SMARTIT;;JAVAMQ;22220SMARTIT;;bkp;SI; ;9.2000.1931.1;10.6.37.143;10.6.37.143; 
SITOG;GSITOG200803;SITOG;HSITOG201606;DA SPOSTARE;;FSSITOAMF815;;;CICSMQ;10001XRNIG5T;;pri;SI ; ;9.2000.1931.1;10.6.37.143;10.6.37.143;
SITOG;GSITOG200803;SITOG; ;istanza da cancellare;;FVSITOAMF118;;;CICSMQ;10000XRNIG2T;;pri;SI; ;9.2000.1931.1;10.6.37.143;10.6.37.143;server diverso su foglio max
SITOA;KSITOF200802;SITOF;GSITOG201602;macchina buttata - comunicata a Men; ;PSITOC00012P;;;FIRE;31000SMARTIT;;;SI;SI;10.01000.00245.00001;10.203.253.125;10.201.158.120;FL0000000017
SITOA;USITOA200824 ;SITOG;GSITOG201602;macchina buttata - comunicata a Men;IBM;JSITOAES009P;;;FEMSWS;;;;; ;10.01000.00160.00001;10.6.37.158;;
SITOA;ZSITOA200806;SITOF;GSITOG201602;macchina buttata - comunicata a Men;IBM;PSITOC00003P;;;FIRE;31000SMARTIT;;;SI; ;10.01000.00160.00001;10.6.37.158;10.201.158.120;FL0000000017 - MANCA PSITOB00021P(FIRE)
SITOC;ZSITOC200816;SITOG;GSITOG201602;DA SPOSTARE;OK;PSITOD00014P;;;FIRE;400002RNIG1T 400012RNIG4T;400012RNIG4T;;SI;SI;10.01000.00160.00001;10.201.165.103;10.201.165.103;"FL0000000004
Verificare virtuali"
SITOG;HSITOG200804;;;macchina buttata - comunicata a Men;HSM;FVSITODMF142;42000JEAS02D;;JAVAMQ;42000JEAS02D;;pri ;; ;;;10.6.37.125;si pu• recuperare lo SI-STD
SITOG;HSITOG200805;SITOC;HSITOG201610;macchina buttata - comunicata a Men;C HSM;FVSITODMF445;44000JEAS04D; ;JAVAMQT2S;44500DEPIN2D;;pri;SI; ;10.01000.00160.00001;10.6.37.126;10.6.37.126;
SITOG;HSITOG200805;SITOG;;macchina buttata - comunicata a Men;C HSM;FVSITODMF143;43000JEAS03D;;JAVAMQ;43000JEAS03D;;pri;; ;9.2000.1931.1;10.6.37.100;10.6.37.126;
SITOG;HSITOG200805;;;macchina buttata - comunicata a Men;HSM;FVSITODMF144; ;;JAVAMQ;44000JEAS04D;;pri;; ;;;10.6.37.126;si pu• recuperare lo SI-STD
SITOG;HSITOG201605;SITOG;HSITOG201605;gi… 2016;;FVSITODMF804;;;CICSMQ;400002RNIG1T;;emr;si;;10.01000.00105.00002;10.6.37.145;;
SITOC;USITOC200821;SITOC;GSITOG201607;DA SPOSTARE SU VM NUOVO;C HSM;FVSITOCMF375;37500DEPGW2C;;JAVAMQT2S;37500DEPGW2C;;pri;SI; ;9.02E+15;10.200.100.125;10.200.100.125;
SITOA;KSITOA200803;  ;KSITOA200803;istanza da cancellare;;JSITOAWC004P ;;;FEMSWS;;;;;;;;10.200.98.101;
SITOA;KSITOA200803;SITOA;KSITOA200803;istanza da cancellare;;ISSITOAMF803;;;FEI;88503FMSIM1T;;;si; ;8.15100.1081.1;10.201.158.118;10.200.98.101;
SITOA;KSITOA200803; ;KSITOA200803;istanza da cancellare;;FSSITOAMF103;;;JAVAMQ;16000JEAS01A;;pri;; ;;;10.200.98.101;
SITOA;KSITOA200803; ;;;;JSITOAWC001B;;;FEMSWS;;;;;;;;10.200.98.101; 
SITOA;KSITOA200803; ;;;;JSITOAWS001P;;;FEMSWS;;;;;;;;10.200.98.101;
SITOA;KSITOA200804;SITOA;KSITOA200804;macchina buttata - comunicata a Men; ;ISSITOAMF804;;;FEI;88504FMSIM2T;;;SI; ;8.15100.1081.1;10.200.98.108;10.200.98.108;
SITOG;HSITOG200804;SITOC;GSITOG201603;macchina buttata - comunicata a Men;C HSM;FVSITODMF415;41500DEPIN1D ;;JAVAMQT2S;41500DEPIN1D;;pri;SI; ;10.01000.00105.00002;10.6.37.125;10.6.37.125;
SITOG;HSITOG200804;SITOC;GSITOG201603;macchina buttata - comunicata a Men;C HSM;FVSITODMF435;43500DEPIN3D;;JAVAMQT2S;43500DEPIN3D;;pri;SI; ;10.01000.00105.00002;10.6.37.125;10.6.37.125;
SITOB;KSITOB200802;SITOB;KSITOB200802;macchina buttata - comunicata a Men;IBM;ISSITOBMF115;;;FEI;03595FMSIM1T;;GRS;SI; ;8.15100.1081.1;10.200.99.105;10.200.99.105;manca FSSITOBMF802(FEMSMQ)
SITOB;KSITOB200802;SITOB;KSITOB200802;macchina buttata - comunicata a Men;IBM;ISSITOBMF150;;;FEI;03595FMSIM2T;;GRS;SI; ;8.15100.1081.1;10.200.99.105;10.200.99.105;
SITO C;HSITOG200804;SITOC;GSITOG201603;macchina buttata - comunicata a Men;C HSM;FVSITOCMF251;;;JAVAMQT2SG;83400DEPGW4T;;;;;10.01000.00105.00002;10.6.37.125;;
SITO G;HSITOG200804;SITOC;GSITOG201603;macchina buttata - comunicata a Men;C HSM;FVSITOGMF111 ;;;JAVAMQT2S;83100DEPIN4T;;;;;10.01000.00105.00002;10.6.37.125;;
SITOA;ZSITOA200806;SITOF;GSITOG201604;macchina buttata - comunicata a Men;IBM;PSITOC00001P;;;FIRE;31000SMARTIT;;;SI; ;10.01000.00245.00001;10.6.37.158;10.201.158.120;FL0000000017
SITOA;ZSITOA200806;SITOF;GSITOG201604;macchina buttata - comunicata a Men;IBM;PSITOC00011P;;;FIRE;31000SMARTIT;;;SI;SI;10.01000.00245.00001;10.6.37.158;10.201.158.120;FL0000000017
SITOG;KSITOG200807;SITOG;HSITOG201611;DA SPOSTARE  (NODO);; J88517ES005P;;;FEMSWS;;;;; ;9.2000.1931.1;10.6.37.117;10.6.37.117;
SITOB;KSITOB200807; ;;; ;ISSITOBMF807;;;FEI;24000FMSIMQT;;;;;;;10.200.99.111;
SITOB;KSITOB200807; ;;; ;ISSITOBMF808;;;FEI;23110FMSIMQT;;;;;;;10.200.99.111;
SITOB;KSITOB200807; ;;; ;ISSITOBMF809;;;FEI;12431FMSIMQT;;;;;;;10.200.99.111;
SITOB;KSITOB200816;SITOB;KSITOB200816;macchina buttata - comunicata a Men;;ISSITOBMF116;;;FEI;03268FMSIM3T;;GRS;SI; ;8.15100.1081.1;10.200.99.119;10.200.99.119;
SITOB;KSITOB200816;SITOB;KSITOB200816;macchina buttata - comunicata a Men;;ISSITOBMF160;;;FEI;03268FMSIM4T;;GRS;SI; ;8.15100.1081.1;10.200.99.119;10.200.99.119;
SITOC;KSITOC200806; ;KSITOC200806;macchina buttata - comunicata a Men;;FSSITOCMF106;;;JAVAMQ;36000JEAS01C;;pri;; ;;;10.201.165.102;
SITOA;KSITOC200806;SITOC; ;macchina buttata - comunicata a Men;IBM;FVSITOAMF113;;;CICSMQ;10000XRNIG2T;;pri;SI;;9.2000.1931.1;10.201.165.102;10.201.158.124; 
SITOC;KSITOC200806; ;;; ;ISSITOCMF806;;;FEI;34000FMSIMQT;;;;;;;10.201.165.102;mancano ISSITOCMF852(FEMSIDRV). ISSITOCMF853(FEMSIDRV
SITOC;KSITOC200806; ;;; ;ISSITOCMF807;;;FEI;39000FMSIMQT;;;;; ;;10.201.165.102;
SITOC;KSITOC200806; ;;; ;ISSITOCMF808;;;FEI;39200FMSIMQT;;;;; ;;10.201.165.102;
SITOC;KSITOF200801;SITOF;KSITOF200801;macchina buttata - comunicata a Men;C HSM;FVSITOCMF132;32000JEAS04C ;;JAVAMQ;32000JEAS04C;;pri;; ;9.2000.1931.1 ;10.203.253.123;10.200.100.124;manca in elenco matteo
SITOF;KSITOF200801; ;;;VUOTO G6;PSITOF00005P;;;FIRE;;;;;; ;;10.203.253.123;solo su foglio matteo
SITOF;KSITOF200801;;;;VUOTO G6;PSITOF00006P;;;FIRE;;;;;;;;10.203.253.123;solo su foglio matteo
SITOG;GSITOG200801;SITOG;GSITOG201606;macchina da buttare;;PSITOD00005B;;;FIRE;400012RNIG4T;;;SI; ;9.2000.1931.1;10.6.37.132;10.6.37.132;BK - FL0000000005
SITOF;KSITOF200802; ;;;VUOTO G6;PSITOF00007P;;;FIRE;;;;;;;;10.203.253.125;solo su foglio matteo
SITOF;KSITOF200802; ;;;VUOTO G6;PSITOF00008P;;;FIRE;;;;;;;;10.203.253.125;solo su foglio matteo
SITOA;KSITOA200803;SITOA;201603;DA SPOSTARE SU VM NUOVO;;FSSITOAMF503;J8503SMARTIT;;JAVAMQ;J8503SMARTIT;;pri;; ;9.2000.1931.1;10.200.98.101;10.200.98.101;
SITOG;KSITOG200802;SITOG;ZSITOCSNDA01 ;DA SPOSTARE;;FSSITOBMF802;;;CICSMQ;20001XRNIG8T;;pri;SI; ;9.2000.1931.1;10.6.37.100;10.6.37.100;
SITOG;KSITOG200807;SITOG;HSITOG201610;istanza da cancellare;;J88517EC003P;;;FEMSWS;;;;; ;10.01000.00160.00001;10.6.37.116;10.6.37.116;
SITOG;KSITOG200807;SITOG;GSITOG201605;istanza da cancellare;;J88517EC005P;;;FEMSWS;;;;; ;9.2000.1931.1;10.6.37.116;10.6.37.116;
SITOG;KSITOG200807;SITOG;KSITOG200807;istanza da cancellare;;J88517EC001P;;;FEMSWS;;;;; ;9.2000.1931.1;10.6.37.116;10.6.37.116;
SITOG;KSITOG200807;SITOG;KSITOG200807;istanza da cancellare;;JSITOAES006B;;;FEMSWS;;;;; ;9.2000.1931.1;10.6.37.116;10.6.37.116;
SITOG;KSITOG200807;SITOG;KSITOG200807;istanza da cancellare;;JSITODWC001B;;;FEMSWS;;;;; ;9.2000.1931.1;10.6.37.116;10.6.37.116; 
SITOG;KSITOG200808;SITOG; ;macchina buttata - comunicata a Men;;J88517ES003P;;;FEMSWS;;;;; ;10.01000.00160.00001;10.6.37.117;10.6.37.117;
SITOG;KSITOG200808;SITOG;KSITOG200808;macchina buttata - comunicata a Men;;J88517ES002P;;;FEMSWS;;;;; ;9.2000.1931.1;10.6.37.117;10.6.37.117;
SITOG;KSITOG200808;SITOG;KSITOG200808;macchina buttata - comunicata a Men;;JSITOAEC007P;;;FEMSWS;;;;; ;9.2000.1931.1;10.6.37.117;10.6.37.117; 
SITOG;GSITOG200801;SITOG;GSITOG201606;macchina da buttare;;PSITOD00006B;;;FIRE;400012RNIG4T;;;SI; ;9.2000.1931.1;10.6.37.132;10.6.37.132;BK - FL0000000005
SITOG;NSITOG200815;;;;VUOTO C (no V);;;;;;;;;;;;;
SITOG;NSITOG200816;;;;VUOTO C (no V);;;;;;;;;;;;;
CENTRALE;PDCBCKLAB01;CENTRALE;PDCBCKLAB01;;;;;;;;;;;;;10.6.24.28;;
CENTRALE;PDCPRILAB01;CENTRALE;PDCPRILAB01;;;;;;;;;;;;;10.6.23.28;;
CENTRALE;PDCPRILAB03;CENTRALE;PDCPRILAB03;;;;;;;;;;;;;10.6.23.37;;Accentratore (NUOVO)
SITO A;USITOA200813;;;;VUOTO C;;;;;;;;;;;;;
SITO A;USITOA200814;;;;VUOTO C;;;;;;;;;;;;;
SITOG;GSITOG200801;SITOG;GSITOG201606;macchina da buttare;;PSITOD00007B;;;FIRE;400012RNIG4T;;;SI; ;9.2000.1931.1;10.6.37.132;10.6.37.132;BK - FL0000000005
SITOA;USITOA200823 ;;USITOA200823 ;macchina buttata - comunicata a Men;IBM;FVSITOAMF813;;;JAVAMQ;18000JEAS03A;;pri;; ;;;10.201.158.124;
SITOA;USITOA200823  ;;USITOA200823  ;macchina buttata - comunicata a Men;IBM;JSITOAWC001P;;;FEMSWS;;;;;;;;10.201.158.124; 
SITOG;GSITOG200801;SITOG;GSITOG201606;macchina da buttare;;PSITOD00008B;;;FIRE;400012RNIG4T;;;SI; ;9.2000.1931.1;10.6.37.132;10.6.37.132;BK - FL0000000005
SITOA;USITOA200824 ;;USITOA200824 ;macchina buttata - comunicata a Men;IBM;JSITOAWS002P;;;FEMSWS;;;;;;;;10.201.158.125;
SITOA;USITOA200824 ;;USITOA200824 ;macchina buttata - comunicata a Men;IBM;FVSITOAMF814;;;JAVAMQ;19000JEAS04A;;pri;;;;;10.201.158.125;
SITOB;USITOB200815;SITOF;ZSITOASNDA01;macchina buttata - comunicata a Men;IBM;PSITOB00003P;;;FIRE;20000XRNIG3T;;;SI; ;10.01000.00085.00001;10.200.99.103;10.200.99.103;FL0000000015 -- MANCA FIRE PSITOB00001P(FIRE) Utilizzato da Giorgio per Feng10 si trova sulla zsitol2001601
SITOB;USITOB200816;SITOF;ZSITOASNDA01;macchina buttata - comunicata a Men;IBM;PSITOB00002P;;;FIRE;12431SISISVT;;pri; ; ;10.01000.00085.00001;10.200.99.104;10.200.99.104;FL0000000018
SITOA;ZSITOA200803;SITOC;201603;DA SPOSTARE SU VM NUOVO;IBM;FSSITOAMF172;;;CICSMQ;10000XRNIG2T;;emr;SI; ;9.2000.1931.1;10.200.98.101;10.201.158.118;
SITOA;ZSITOA200803;SITOC;201603;DA SPOSTARE SU VM NUOVO;IBM;FSSITOAMF865;;iconsia;CICSMQ;10001XRNIG5T;;bkp;SI; ;9.2000.1931.1;10.200.98.101;10.201.158.118;
SITOD;ZSITOD200801;SITOD;201603;DA SPOSTARE SU VM NUOVO;;FVSITOAMF130;22222SMARTIT;;JAVAMQ;22222SMARTIT;;pri;SI; ;9.2000.1931.1-OK;10.201.159.100;10.201.159.100;
SITOG;KSITOG200802;SITOG;ZSITOCSNDA01 ;DA SPOSTARE ;C HSM;FVSITODMF141;41000SMARTIT;;JAVAMQ;41000SMARTIT;;pri;SI; ;9.2000.1931.1;10.6.37.100;10.6.37.125;
SITOC;USITOB200834;SITOB;USITOB200834;istanza da cancellare;C HSM;FVSITOCMF361;36150JEAS05C;;JAVAMQ;36150JEAS05C;;pri;; ;9.2000.1931.1;10.200.99.118;10.200.100.125;
SITOC;USITOB200834;SITOB;USITOB200834;istanza da cancellare;C HSM;FVSITOCMF371;37150JEAS06C;;JAVAMQ;37150JEAS06C;;pri;; ;9.2000.1931.1;10.200.99.118;10.200.100.125;
SITOC;USITOC200811;SITOC; ;istanza da cancellare;C G5;FVSITOCMF114;;;CICSMQ;300003RNIG1T;;emr;SI; ;9.2000.1931.1;10.200.100.108;10.200.100.108;non ha installato FENG in elenco matteo
SITOA;USITOB200833;SITOB;GSITOG201608;DA SPOSTARE SU VM NUOVO;IBM;FVSITOAMF114;;;CICSMQ;10000XRNIG2T;;pri;SI; ;9.2000.1931.1;10.200.99.117;10.201.158.125; 
SITOB;USITOB200833;SITOB;GSITOG201608;DA SPOSTARE SU VM NUOVO;IBM;FVSITOBMF804;;;CICSMQ;20000XRNIG3T;;bkp;SI; ;9.2000.1931.1;10.200.99.117;10.200.99.103;XS1RNIG3
SITOC;USITOC200812;SITOC; ;istanza da cancellare;VUOTO C G5;PSITOB00022P;;;FIRE ;20000XRNIG3T;;;SI;SI;9.2000.1931.1;10.200.100.109;10.200.100.109;FL0000000015
SITOB;USITOB200833;SITOB;GSITOG201608;DA SPOSTARE SU VM NUOVO;C;FVSITOBMF833;;;CICSMQ;20001XRNIG8T;;pri;SI; ;9.2000.1931.1;10.200.99.117;10.200.99.117;
SITOB;USITOC200812;SITOC;201605;DA SPOSTARE SU VM NUOVO;IBM;FVSITOBMF863;;;CICSMQ;20001XRNIG8T;;bkp;SI; ;9.2000.1931.1;10.200.99.118;10.200.99.103;
SITOC;USITOC200820; ; ;DA SPOSTARE;C HSM;FVSITOCMF131;31000SMARTIT;;JAVAMQ;31000SMARTIT;;pri;SI; ;10.01000.00105.00002;10.203.253.123;10.200.100.124;
;USITOC200820;SITOC;USITOC200820;istanza da cancellare;C HSM;FVSITOCMF251;;;JAVAMQT2SG;83400DEPGW4T;;bkp; ;;9.02E+15;10.200.100.124;;
;USITOC200820;SITOC;USITOC200820;istanza da cancellare;C HSM;FVSITOGMF251 ;;;JAVAMQT2S;83100DEPIN4T;;bkp;;;9.02E+15;10.200.100.124;;
SITOB;USITOC200812;SITOC;201605;DA SPOSTARE SU VM NUOVO;C;FVSITOBMF864;;;CICSMQ;20000XRNIG3T;;;SI; ;9.2000.1931.1;10.200.99.118;10.200.99.118;
SITOD;USITOD200810;SITOD;201605;DA SPOSTARE SU VM NUOVO;C;FSSITOAMF132;22210SMARTIT;;JAVAMQ;22210SMARTIT;;pri;SI; ;9.2000.1931.1;10.201.159.109;10.201.159.109;manca FVSITOAMF136(FEMSMQ)
SITOC;USITOD200811;SITOD;201605;DA SPOSTARE SU VM NUOVO;C HSM;FVSITOCMF201;31010SMARTIT;;JAVAMQ;31010SMARTIT;;pri;SI; ;9.2000.1931.1;10.201.159.110;10.200.100.125;
SITOD;USITOD200810;SITOD; ;istanza da cancellare;G3;FSSITODMF802;;;CICSMQ;400012RNIG4T;;pri;SI; ;9.2000.1931.1;10.201.159.102;10.201.159.102;server vecchissimo da buttare
SITOD;USITOD200810;SITOB;KSITOB200816;istanza da cancellare;;IVSITOCMF111;;;FEI;35000FMSIMQT;;;SI; ;8.15100.1081.1;10.201.159.109;10.201.159.109;
SITOD;USITOD200810;SITOD;201606;DA SPOSTARE SU VM NUOVO;G3;FSSITODMF851;;;CICSMQ;400002RNIG1T;;bkp;SI; ;9.2000.1931.1;10.201.159.109;10.201.159.102;server vecchissimo da buttare
SITOD;USITOG200813;SITOG;201606;DA SPOSTARE SU VM NUOVO;C;FSSITOAMF131;22210SMARTIT;;JAVAMQ;22210SMARTIT;;pri;SI; ;9.2000.1931.1;10.6.37.130;10.201.159.110;
SITOG;USITOG200813;SITOG; ;istanza da cancellare;;FVSITODMF113;;;CICSMQ;400012RNIG4T;;emr;SI; ;9.2000.1931.1;10.6.37.130;10.6.37.130;CAMBIATO SERVER E FEMS CONFRONTO FOGLIO MAX
SITOG;USITOG200813;;USITOG200813;istanza da cancellare;; JSITOAEC007P;;;FEMSWS;;;;;;;;10.6.37.130;
SITOG;USITOG200813;;USITOG200813;istanza da cancellare;;JSITOAWC007P;;;FEMSWS;;;;;;;;10.6.37.130;
SITOG;USITOG200814;SITOG;201606;DA SPOSTARE SU VM NUOVO;;FSSITODMF201;41000SMARTIT ;;JAVAMQ;41000SMARTIT;;bkp;SI; ;9.2000.1931.1;10.6.37.131;10.6.37.134;IN USITOG200814
SITOC;USITOB200834;SITOB;201607;DA SPOSTARE SU VM NUOVO;C HSM;FVSITOCMF200;31010SMARTIT;;JAVAMQ;31010SMARTIT;;pri;SI; ;9.2000.1931.1;10.200.99.118;10.200.100.124;
SITOG;USITOG200814;SITOG; ;istanza da cancellare;;FSSITOBMF101;;;CICSMQ;20001XRNIG8T;;emr;SI; ;9.2000.1931.1;10.6.37.131;10.6.37.134;IN USITOG200814
SITOG;USITOG200814;;;;;JSITOAEC009P;;;FEMSWS;;;;;;;;10.6.37.131;
SITOG;USITOG200814;;;;;JSITOAWC009P;;;FEMSWS;;;;;;;;10.6.37.131;
SITOL;USITOL201610;SITOL;USITOL201610;gi… su 2016 ITP;HSM;FVSITOLMF110;55000ITPGW1T;;JAVAMQT2S;55000ITPGW1T;;pri;SI; ;10010000008500000;10.8.84.55;10.8.84.55;
SITOL;USITOL201611;SITOL;USITOL201611;gi… su 2016 ITP;HSM;FVSITOLMF111;55000ITPGW1T;;JAVAMQT2S;55000ITPGW1T;;pri;SI; ;10010000008500000;10.8.84.56;10.8.84.56;
SITOL;USITOL201615;SITOL;USITOL201615;gi… su 2016 ITP;HSM;FVSITOLMF115;55100ITPSM1T;;JAVAMQT2S;55100ITPAC1T;;pri;SI; ;10010000008500000;10.8.90.55;10.8.90.55; 
SITOL;USITOL201616;SITOL;USITOL201616;gi… su 2016 ITP;HSM;FVSITOLMF116;55100ITPSM1T;;JAVAMQT2S;55100ITPAC1T;;pri;SI; ;10010000008500000;10.8.90.56;10.8.90.56;
CENTRALE;XMSPRILAB06;CENTRALE;XMSPRILAB06;;;;;;;;;;;;;10.6.23.24;;Centrale con tangram
CENTRALE;XMSPRILAB50;CENTRALE;XMSPRILAB50;;;;;;;;;;;;;;;Accentratore (Vecchio)
SITOA;ZSITOA200802;SITOG; ;macchina buttata - comunicata a Men;IBM;FSSITOAMF101;;;CICSMQ;10000XRNIG2T;;pri;SI; ;10.01000.00160.00001;10.201.159.102;10.200.98.112;virtuale
SITOA;ZSITOA200802; ;;;IBM; JSITOAWS005P;;;FEMSWS;;;;;;;;10.200.98.112;
SITOA;ZSITOA200802;;;;IBM;JSITOAWS004P;;;FEMSWS;;;;;;;;10.200.98.112;
SITOG;USITOG200814;SITOG;201607;DA SPOSTARE SU VM NUOVO;;FSSITOCMF813;;;CICSMQ;300003RNIG1T;;pri;SI; ;9.2000.1931.1;10.6.37.131;10.6.37.131;
SITOE;ZSITOE200801;SITOE;201607;DA SPOSTARE SU VM NUOVO; ;FSSITOHMF101;11111SMARTIT;;JAVAMQ;11111SMARTIT;;pri;SI; ;9.2000.1931.1;10.203.252.123;10.203.252.123;
SITOA;ZSITOA200803;;ZSITOA200803;istanza da cancellare; ;JSITOAWS002B;;;FEMSWS;;;;;;;;10.201.158.118;virtuale
SITOA;ZSITOA200803;;;; ;FSSITOAMF104;;;JAVAMQ;17000JEAS02A;;pri;; ;10201158118;;10.201.158.118;
SITOA;ZSITOA200803;;;; ;JSITOAWC001E;;;FEMSWS;;;;; ;;;10.201.158.118;virtuale
SITOA;ZSITOA200806; ;ZSITOA200806;macchina buttata - comunicata a Men;IBM;FSSITOAMF806;33333SMARTIT ;;JAVAMQ;33333SMARTIT;;pri;SI; ;9.2000.1931.1;10.203.253.123;10.201.158.120;
SITOB;KSITOB200807;SITOB;GSITOG201609;DA SPOSTARE SU VM NUOVO;ISV;FSSITOBMF110;;;JAVAMQT2SG;12431DEPISVT;;pri;; ;9.02E+15;10.200.99.111;10.200.99.111;
SITOB;KSITOB200807;SITOB;GSITOG201609;DA SPOSTARE SU VM NUOVO;ISV;FSSITOBMF111;2930ACTATST;;JAVAMQ;12930ACTATST;;pri;; ;9.2000.1931.1;10.200.99.111;10.200.99.111;
SITOB;KSITOB200807;SITOB;GSITOG201609;DA SPOSTARE SU VM NUOVO;ISV;FSSITOBMF111;99998ISVSIS1;99999SISISVT ;JAVAMQ;99998ISVSIS1;;pri;; ;9.2000.1931.1;10.200.99.111;10.200.99.111;
SITOA;ZSITOA200806;SITOL;ZSITOL201602;macchina buttata - comunicata a Men;IBM;PSITOC00002P;;;FIRE;31000SMARTIT;;;SI; ;10.01000.00085.00001;10.6.37.141;10.201.158.120;FL0000000017
SITOA;ZSITOA200852;SITOF;HSITOG201605;macchina buttata - comunicata a Men;IBM -;FSSITOAMF120;22222SMARTIT;;JAVAMQ;22222SMARTIT;;pri;SI; ;10.01000.00105.00002;10.6.37.145;10.201.158.116; AMQ aggiornato alla versione 5.15.?
SITOA;ZSITOA200852;SITOF;HSITOG201605;macchina buttata - comunicata a Men;IBM;FSSITOAMF151;;;CICSMQ;10000XRNIG2T;;bkp;SI; ;10.01000.00105.00002;10.203.253.123;10.201.158.116;
SITOC;ZSITOC200813;SITOC;ZSITOCSNDA01 ;DA SPOSTARE; ;FSSITOCMF866;;;CICSMQ;30001XRNIG3T;;bkp;SI; ;9.0.1119.2001;10.200.100.111;10.200.100.111;
SITOC;ZSITOC200813;SITOC;ZSITOC200813;istanza da cancellare;;FSSITOCMF817;;;JAVAMQ;37000JEAS02C;;pri;; ;9.0.1119.2001;10.200.100.111;10.201.165.103; 
SITOE;ZSITOE200802;SITOE;201607;DA SPOSTARE SU VM NUOVO;;FSSITOHMF200;11110SMARTIT; ;JAVAMQ;11110SMARTIT;;pri;SI; ;9.2000.1931.1;10.201.159.102;10.203.252.125;manca  FVSITODMF804(FEMSMQ)
SITOG;GSITOG200803;SITOG;201608;DA SPOSTARE SU VM NUOVO;;FVSITOAMF136;22222SMARTIT;;JAVAMQ;22222SMARTIT;;pri;SI; ;9.2000.1931.1;10.6.37.143;10.6.37.143; 
SITOC;ZSITOC200816;SITOC;201608;DA SPOSTARE SU VM NUOVO;;FSSITOCMF816;;;CICSMQ;30001XRNIG3T;;pri;SI; ;9.2000.1931.1;10.201.165.103;10.201.165.103; 
SITOB;KSITOB200807;SITOB;GSITOG201609;DA SPOSTARE SU VM NUOVO;ISV;FSSITOBMF112;12431SISISVT;;JAVAMQ;12431SISISVT;;pri;; ;9.2000.1931.1;10.200.99.111;10.200.99.111;
SITOC;ZSITOC200816;SITOC; ;istanza da cancellare;OK;PSITOD00015P;;;FIRE;400002RNIG1T;;;SI;SI;9.02000.02150.00001;10.201.165.103;10.201.165.103;FL0000000004
SITOC;ZSITOC200816;SITOC; ;istanza da cancellare;OK;PSITOD00016P;;;FIRE;400002RNIG1T;;;SI;SI ;9.02000.02150.00001;10.201.165.103;10.201.165.103;FL0000000004
SITOC;ZSITOC200816;SITOC;201608;DA SPOSTARE SU VM NUOVO;;FSSITOCMF863;;;CICSMQ;300003RNIG1T;;bkp;SI; ;9.0.1119.2001;10.201.165.103;10201165103; 
SITOG;GSITOG200803;SITOG;201609;DA SPOSTARE SU VM NUOVO;;FSSITODMF202;41000SMARTIT;;JAVAMQ;41000SMARTIT;;emr;SI; ;9.2000.1931.1;10.6.37.143;10.6.37.143;
SITOD;ZSITOD200801;SITOD; ;istanza da cancellare;;FSSITODMF852;;;CICSMQ;400012RNIG4T;;bkp;SI; ;9.2000.1931.1-OK;10.201.159.100;10.201.159.100;
SITOD;ZSITOD200801;;ZSITOD200801;istanza da cancellare; ;JSITODWC001P;;;FEMSWS;;;;;;;;10.201.159.100;
SITOD;ZSITOD200801;SITOD;201609;DA SPOSTARE SU VM NUOVO;;FSSITODMF801;;;CICSMQ;400002RNIG1T;;pri;SI; ;9.2000.1931.1-OK;10.201.159.100;10.201.159.100;
SITOE;ZSITOE200801;SITOE;201612;DA SPOSTARE SU VM NUOVO; ;PSITOD00001B;;;FIRE;400002RNIG1T;;;SI; ;9.2000.1931.1;10.203.252.123;10.203.252.123;FL0000000004 - bk
SITOE;ZSITOE200801;SITOE;201612;DA SPOSTARE SU VM NUOVO; ;PSITOD00002B;;;FIRE;400002RNIG1T;;;SI; ;9.2000.1931.1;10.203.252.123;10.203.252.123;FL0000000004 - bk
SITOE;ZSITOE200801;SITOE;201612;DA SPOSTARE SU VM NUOVO; ;PSITOD00003B;;;FIRE;400002RNIG1T;;;SI; ;9.2000.1931.1;10.203.252.123;10.203.252.123;FL0000000004 - bk
SITOE;ZSITOE200801;SITOE;201612;DA SPOSTARE SU VM NUOVO; ;PSITOD00004B;;;FIRE;400002RNIG1T;;;SI; ;9.2000.1931.1;10.203.252.123;10.203.252.123;FL0000000004 - bk
SITOE;ZSITOE200801; ;ZSITOE200801;istanza da cancellare; ;FSSITOHMF202;11111DEPIN1D ;;JAVAMQT2S;11111DEPIN1D;;pri;SI; ;9.02E+15;10.6.37.125;10.203.252.123;AMBIENTE PRIVO DI CIRCUITO
SITOE;ZSITOE200802;SITOE;201613;DA SPOSTARE SU VM NUOVO;;PSITOD00003P;;;FIRE;400002RNIG1T;;;SI; ;9.02000.01931.00001ÿ;10.203.252.125;10.203.252.125;FL0000000004
SITOE;ZSITOE200802;SITOE;201613;DA SPOSTARE SU VM NUOVO;;PSITOD00004P;;;FIRE;400002RNIG1T;;;SI; ;9.02000.01931.00001ÿ;10.203.252.125;10.203.252.125;FL0000000004
SITOG;ZSITOG200801;SITOG;GSITOG201610;DA SPOSTARE SU VM NUOVO;;PSITOD00005P;;;FIRE;400012RNIG4T;;;SI; ;9.02000.01931.00001ÿ;10.6.37.134;10.6.37.134;FL0000000005
SITOB;KSITOB200807;SITOB;GSITOG201609;DA SPOSTARE SU VM NUOVO;ISV;FSSITOBMF112;12431DEPISVT;;JAVAMQ;99999SISISVT;;pri;; ;9.2000.1931.1;10.200.99.111;10.200.99.111;
SITOG;ZSITOG200801;SITOG;GSITOG201610;DA SPOSTARE SU VM NUOVO;;PSITOG00001P;;;FIRE;55555SMARTIT;;;SI; ;9.02000.01931.00001ÿ;10.6.37.134;10.6.37.116;FL0000000019
SITOG;ZSITOG200801;SITOG;GSITOG201610;DA SPOSTARE SU VM NUOVO;;PSITOD00006P;;;FIRE;400012RNIG4T;;;SI; ;9.02000.01931.00001ÿ;10.6.37.134;10.6.37.134;FL0000000005
SITOC;ZSITOC200816;SITOC;201615;DA SPOSTARE SU VM NUOVO;;PSITOG00001B;;;FIRE;55555SMARTIT;;bkp;SI;;9.02000.02150.00001;10.201.165.103;;
SITOG;ZSITOG200801;;ZSITOG200801;istanza da cancellare;;JSITOAWS008P;;;FEMSWS;;;;;;;;10.6.37.134;
SITOG;ZSITOG200801;;;;;JSITOAWC010P;;;FEMSWS;;;;;;;;10.6.37.134; 
SITOG;ZSITOG200801;;;;;JSITOAWS006P;;;FEMSWS;;;;;;;;10.6.37.134;
SITOG;ZSITOG200803; ;;;VUOTO V;;;;;;;;;;;;10.6.37.103;VUOTO DA FOGLIO MATTEO
SITOL;ZSITOL201601;SITOL;ZSITOL201601;gi… su 2016;HSM;FSSITOAMF220;22220SMARTIT;;JAVAMQ;22220SMARTIT;;pri;SI; ;10.01000.00160.00001;10.6.37.140;10.6.37.140;
SITOL;ZSITOL201601;SITOL;ZSITOL201601;gi… su 2016;HSM;FSSITOCMF802;;;CICSMQ;30001XRNIG3T;;emr;SI; ;10.01000.00160.00001;10.6.37.140;10.6.37.140;
SITOL;ZSITOL201601;SITOL;ZSITOL201601;gi… su 2016;HSM;PSITOB00001P;;;FIRE;20000XRNIG3T;;;SI; ;10.01000.00160.00001;10.6.37.140;10.6.37.140;FL0000000015
SITOL;ZSITOL201601;SITOL;ZSITOL201601;gi… su 2016;HSM;FSSITOHMF300;11110SMARTIT;;JAVAMQ;11110SMARTIT;;bkp;SI;SI?;10.01000.00160.00001;10.6.37.140;10.6.37.140;
SITOL;ZSITOL201602;SITOL;ZSITOL201602;gi… su 2016;HSM;FSSITODMF162;;;CICSMQ;400012RNIG4T;;pri;SI; ;10.01000.00085.00001;10.6.37.141;10.6.37.141;
SITOL;ZSITOL201602;SITOL;ZSITOL201602;gi… su 2016;HSM;PSITOB00021P;;;FIRE;20000XRNIG3T;;;SI;SI;10.01000.00085.00001;10.6.37.141;10.6.37.141;FL0000000015  -  PIPPOFIRE(FIRE) DU FOGLIO MATTE0 - E' IN ZSITOA200806 X MAX
SITOL;ZSITOLLABA01;SITOL;ZSITOLLABA01;gi… su 2016 ITP;;FSSITOLMF150;55000ITPGW1T;;JAVAMQT2SG;55000ITPGW1T;;bkp;SI; ;1.001E+16;10.6.37.150;10.6.37.150;BK
SITOL;ZSITOLLABB01;SITOL;ZSITOLLABB01;macchina buttata - comunicata a Men;HSM;FSSITOLMF151;;;JAVAMQT2S;55000ITPGW1T;;emr;SI; ;9.02E+15;10.8.84.57;;
SITOL;ZSITOLLABB02;SITOL;ZSITOLLABB02;macchina buttata - comunicata a Men;HSM;FSSITOLMF152;;;JAVAMQT2S;55000ITPGW1T;;Emr;Si;;9.02E+15;10.8.84.59;;
;;;;;;;;;;;;;;;;;;
